orf_name_X	orf_name_Y	gene_name_X	gene_name_Y	orientation	source_dataset	S07	r02 v1	r02 v4	seq_r02_v1	seq_r02_v4	seq_S07
YMR061W	YGL044C	RNA14	RNA15	DB-X AD-Y	scPRSv2	1	1	1	confirmed	confirmed	confirmed
YMR061W	YGL044C	RNA14	RNA15	DB-Y AD-X	scPRSv2	1	1	1	failed	confirmed	confirmed
YDR228C	YGL044C	PCF11	RNA15	DB-X AD-Y	scPRSv2	AA	1	1	confirmed	confirmed	
YDR228C	YGL044C	PCF11	RNA15	DB-Y AD-X	scPRSv2	1	0	1	confirmed	confirmed	confirmed
YDR228C	YMR061W	PCF11	RNA14	DB-X AD-Y	scPRSv2	AA	1	1	confirmed	confirmed	
YDR228C	YMR061W	PCF11	RNA14	DB-Y AD-X	scPRSv2	1	0	NAN		failed	failed
YMR146C	YOR361C	TIF34	PRT1	DB-X AD-Y	scPRSv2	1	0	1	confirmed	failed	failed
YMR146C	YOR361C	TIF34	PRT1	DB-Y AD-X	scPRSv2	1	0	0		confirmed	confirmed
YFL009W	YDL132W	CDC4	CDC53	DB-X AD-Y	scPRSv2	0	0	0		confirmed	confirmed
YFL009W	YDL132W	CDC4	CDC53	DB-Y AD-X	scPRSv2	0	1	0		confirmed	
YOR194C	YKL058W	TOA1	TOA2	DB-X AD-Y	scPRSv2	1	AA	1	confirmed	confirmed	confirmed
YOR194C	YKL058W	TOA1	TOA2	DB-Y AD-X	scPRSv2	1	1	1	confirmed	confirmed	confirmed
YJR068W	YBR087W	RFC2	RFC5	DB-X AD-Y	scPRSv2	0	0	AA		confirmed	confirmed
YJR068W	YBR087W	RFC2	RFC5	DB-Y AD-X	scPRSv2	1	0	1		confirmed	confirmed
YDR388W	YMR192W	RVS167	GYL1	DB-X AD-Y	scPRSv2	1	0	1	confirmed	confirmed	confirmed
YDR388W	YMR192W	RVS167	GYL1	DB-Y AD-X	scPRSv2	0	1	0	failed		
YOL069W	YIL144W	NUF2	NDC80	DB-X AD-Y	scPRSv2	1	0	1		confirmed	confirmed
YOL069W	YIL144W	NUF2	NDC80	DB-Y AD-X	scPRSv2	0	0	0	failed	confirmed	confirmed
YKL074C	YLR116W	MUD2	MSL5	DB-X AD-Y	scPRSv2	AA	0	0			
YKL074C	YLR116W	MUD2	MSL5	DB-Y AD-X	scPRSv2	1	1	1	confirmed	confirmed	failed
YJR090C	YDL132W	GRR1	CDC53	DB-X AD-Y	scPRSv2	AA	0	0			
YJR090C	YDL132W	GRR1	CDC53	DB-Y AD-X	scPRSv2	1	1	1	failed	failed	confirmed
YPR025C	YDL108W	CCL1	KIN28	DB-X AD-Y	scPRSv2	AA	AA	AA	confirmed	confirmed	confirmed
YPR025C	YDL108W	CCL1	KIN28	DB-Y AD-X	scPRSv2	1	AA	1	confirmed	confirmed	confirmed
YOR026W	YGR188C	BUB3	BUB1	DB-X AD-Y	scPRSv2	1	AA	1	failed	failed	failed
YOR026W	YGR188C	BUB3	BUB1	DB-Y AD-X	scPRSv2	0	NAN	1		confirmed	confirmed
YDR429C	YMR146C	TIF35	TIF34	DB-X AD-Y	scPRSv2	AA	AA	AA	confirmed	confirmed	
YDR429C	YMR146C	TIF35	TIF34	DB-Y AD-X	scPRSv2	0	AA	1	confirmed	confirmed	failed
YDL043C	YJL203W	PRP11	PRP21	DB-X AD-Y	scPRSv2	1	0	AA		confirmed	confirmed
YDL043C	YJL203W	PRP11	PRP21	DB-Y AD-X	scPRSv2	1	0	1		confirmed	confirmed
YCR009C	YMR232W	RVS161	FUS2	DB-X AD-Y	scPRSv2	1	NAN	AA		failed	failed
YCR009C	YMR232W	RVS161	FUS2	DB-Y AD-X	scPRSv2	AA	AA	1		confirmed	
YLR212C	YNL126W	TUB4	SPC98	DB-X AD-Y	scPRSv2	0	1	1		confirmed	
YLR212C	YNL126W	TUB4	SPC98	DB-Y AD-X	scPRSv2	0	1	0	failed		
YFL009W	YDR328C	CDC4	SKP1	DB-X AD-Y	scPRSv2	0	0	0	failed		
YFL009W	YDR328C	CDC4	SKP1	DB-Y AD-X	scPRSv2	1	1	1	confirmed	failed	confirmed
YCR088W	YNL094W	ABP1	APP1	DB-X AD-Y	scPRSv2	0	0	0			
YCR088W	YNL094W	ABP1	APP1	DB-Y AD-X	scPRSv2	1	0	0		failed	failed
YCR009C	YDR388W	RVS161	RVS167	DB-X AD-Y	scPRSv2	0	0	0			
YCR009C	YDR388W	RVS161	RVS167	DB-Y AD-X	scPRSv2	1	0	1		confirmed	confirmed
YDR016C	YGR113W	DAD1	DAM1	DB-X AD-Y	scPRSv2	AA	AA	AA	confirmed	confirmed	
YDR016C	YGR113W	DAD1	DAM1	DB-Y AD-X	scPRSv2	0	AA	1	confirmed	confirmed	confirmed
YOR368W	YLR288C	RAD17	MEC3	DB-X AD-Y	scPRSv2	1	0	AA		confirmed	confirmed
YOR368W	YLR288C	RAD17	MEC3	DB-Y AD-X	scPRSv2	0	0	1		confirmed	
YJL124C	YER146W	LSM1	LSM5	DB-X AD-Y	scPRSv2	1	1	NAN	confirmed		confirmed
YJL124C	YER146W	LSM1	LSM5	DB-Y AD-X	scPRSv2	NAN	1	1	confirmed	confirmed	
YHR172W	YNL126W	SPC97	SPC98	DB-X AD-Y	scPRSv2	0	0	0	confirmed	confirmed	
YHR172W	YNL126W	SPC97	SPC98	DB-Y AD-X	scPRSv2	0	0	0	failed		
YGR246C	YGR047C	BRF1	TFC4	DB-X AD-Y	scPRSv2	0	0	1		confirmed	
YGR246C	YGR047C	BRF1	TFC4	DB-Y AD-X	scPRSv2	0	0	0		confirmed	
YDR429C	YOR361C	TIF35	PRT1	DB-X AD-Y	scPRSv2	AA	AA	AA	confirmed	failed	
YDR429C	YOR361C	TIF35	PRT1	DB-Y AD-X	scPRSv2	0	0	0	confirmed	confirmed	
YDR378C	YER146W	LSM6	LSM5	DB-X AD-Y	scPRSv2	1	1	NAN	confirmed		confirmed
YDR378C	YER146W	LSM6	LSM5	DB-Y AD-X	scPRSv2	1	1	AA	confirmed	confirmed	confirmed
YDR328C	YJR090C	SKP1	GRR1	DB-X AD-Y	scPRSv2	NAN	1	1	confirmed	failed	
YDR328C	YJR090C	SKP1	GRR1	DB-Y AD-X	scPRSv2	AA	AA	0	failed		
YEL032W	YLR274W	MCM3	MCM5	DB-X AD-Y	scPRSv2	0	0	1	confirmed	confirmed	
YEL032W	YLR274W	MCM3	MCM5	DB-Y AD-X	scPRSv2	0	0	0	confirmed		
YLR197W	YOR310C	NOP56	NOP58	DB-X AD-Y	scPRSv2	0	0	0			
YLR197W	YOR310C	NOP56	NOP58	DB-Y AD-X	scPRSv2	0	0	0		confirmed	confirmed
YDR328C	YDL132W	SKP1	CDC53	DB-X AD-Y	scPRSv2	1	0	1	confirmed	confirmed	confirmed
YDR328C	YDL132W	SKP1	CDC53	DB-Y AD-X	scPRSv2	NAN	0	0			
YBR088C	YJR043C	POL30	POL32	DB-X AD-Y	scPRSv2	0	0	0		confirmed	confirmed
YBR088C	YJR043C	POL30	POL32	DB-Y AD-X	scPRSv2	NAN	1	0	confirmed		
YDR142C	YHR160C	PEX7	PEX18	DB-X AD-Y	scPRSv2	0	1	1	confirmed	confirmed	
YDR142C	YHR160C	PEX7	PEX18	DB-Y AD-X	scPRSv2	AA	AA	AA	confirmed	confirmed	
YLR347C	YLR293C	KAP95	GSP1	DB-X AD-Y	scPRSv2	0	0	1		failed	
YLR347C	YLR293C	KAP95	GSP1	DB-Y AD-X	scPRSv2	0	AA	0	failed		
YOR181W	YDR388W	LAS17	RVS167	DB-X AD-Y	scPRSv2	0	0	0			
YOR181W	YDR388W	LAS17	RVS167	DB-Y AD-X	scPRSv2	1	0	1		confirmed	confirmed
YKL022C	YGL240W	CDC16	DOC1	DB-X AD-Y	scPRSv2	0	0	0			
YKL022C	YGL240W	CDC16	DOC1	DB-Y AD-X	scPRSv2	AA	AA	0	confirmed		failed
YDR328C	YMR094W	SKP1	CTF13	DB-X AD-Y	scPRSv2	1	0	1		confirmed	confirmed
YDR328C	YMR094W	SKP1	CTF13	DB-Y AD-X	scPRSv2	0	0	0			
YIL046W	YDL132W	MET30	CDC53	DB-X AD-Y	scPRSv2	0	0	0		confirmed	
YIL046W	YDL132W	MET30	CDC53	DB-Y AD-X	scPRSv2	0	0	0		confirmed	
YDR472W	YKR068C	TRS31	BET3	DB-X AD-Y	scPRSv2	0	NAN	0			
YDR472W	YKR068C	TRS31	BET3	DB-Y AD-X	scPRSv2	0	0	0			confirmed
YDL220C	YDR082W	CDC13	STN1	DB-X AD-Y	scPRSv2	0	AA	0	confirmed	confirmed	
YDL220C	YDR082W	CDC13	STN1	DB-Y AD-X	scPRSv2	AA	AA	AA	failed	confirmed	
YDR189W	YLR026C	SLY1	SED5	DB-X AD-Y	scPRSv2	0	0	0			
YDR189W	YLR026C	SLY1	SED5	DB-Y AD-X	scPRSv2	1	0	AA		confirmed	confirmed
YOL133W	YDL132W	HRT1	CDC53	DB-X AD-Y	scPRSv2	0	0	0			
YOL133W	YDL132W	HRT1	CDC53	DB-Y AD-X	scPRSv2	0	0	0			
YFL009W	YOL133W	CDC4	HRT1	DB-X AD-Y	scPRSv2	0	0	0			
YFL009W	YOL133W	CDC4	HRT1	DB-Y AD-X	scPRSv2	0	0	0			
YDR142C	YGL153W	PEX7	PEX14	DB-X AD-Y	scPRSv2	AA	AA	0	confirmed		
YDR142C	YGL153W	PEX7	PEX14	DB-Y AD-X	scPRSv2	0	1	0	failed		
YKR068C	YML077W	BET3	BET5	DB-X AD-Y	scPRSv2	0	0	0		confirmed	
YKR068C	YML077W	BET3	BET5	DB-Y AD-X	scPRSv2	0	NAN	0			
YDR246W	YKR068C	TRS23	BET3	DB-X AD-Y	scPRSv2	0	NAN	0			
YDR246W	YKR068C	TRS23	BET3	DB-Y AD-X	scPRSv2	0	0	0			
YDR097C	YOL090W	MSH6	MSH2	DB-X AD-Y	scPRSv2	0	NAN	0			
YDR097C	YOL090W	MSH6	MSH2	DB-Y AD-X	scPRSv2	AA	NAN	0			
YGL061C	YGR113W	DUO1	DAM1	DB-X AD-Y	scPRSv2	0	1	NAN	confirmed		
YGL061C	YGR113W	DUO1	DAM1	DB-Y AD-X	scPRSv2	0	1	0	confirmed		
YMR117C	YER018C	SPC24	SPC25	DB-X AD-Y	scPRSv2	AA	AA	AA	confirmed	failed	
YMR117C	YER018C	SPC24	SPC25	DB-Y AD-X	scPRSv2	AA	AA	AA	confirmed	failed	
YER018C	YIL144W	SPC25	NDC80	DB-X AD-Y	scPRSv2	AA	AA	AA	confirmed	failed	
YER018C	YIL144W	SPC25	NDC80	DB-Y AD-X	scPRSv2	0	0	0			
YIL144W	YMR117C	NDC80	SPC24	DB-X AD-Y	scPRSv2	0	AA	0	failed		
YIL144W	YMR117C	NDC80	SPC24	DB-Y AD-X	scPRSv2	AA	AA	AA		failed	
YGR246C	YER148W	BRF1	SPT15	DB-X AD-Y	scPRSv2	0	NAN	0			
YGR246C	YER148W	BRF1	SPT15	DB-Y AD-X	scPRSv2	AA	AA	AA	confirmed	confirmed	
YOR151C	YOR210W	RPB2	RPB10	DB-X AD-Y	scPRSv2	0	AA	0	failed		confirmed
YOR151C	YOR210W	RPB2	RPB10	DB-Y AD-X	scPRSv2	0	0	0			
YPL049C	YHR084W	DIG1	STE12	DB-X AD-Y	scPRSv2	0	NAN	0			
YPL049C	YHR084W	DIG1	STE12	DB-Y AD-X	scPRSv2	AA	AA	AA	failed		
YMR117C	YOL069W	SPC24	NUF2	DB-X AD-Y	scPRSv2	AA	AA	AA	failed		
YMR117C	YOL069W	SPC24	NUF2	DB-Y AD-X	scPRSv2	0	AA	0			
YDR468C	YOL018C	TLG1	TLG2	DB-X AD-Y	scPRSv2	NAN	0	NAN			
YDR468C	YOL018C	TLG1	TLG2	DB-Y AD-X	scPRSv2	AA	0	0			
YML051W	YDR009W	GAL80	GAL3	DB-X AD-Y	scPRSv2	0	AA	0	failed		
YML051W	YDR009W	GAL80	GAL3	DB-Y AD-X	scPRSv2	0	0	0			
YLR229C	YHR061C	CDC42	GIC1	DB-X AD-Y	scPRSv2	0	NAN	0			
YLR229C	YHR061C	CDC42	GIC1	DB-Y AD-X	scPRSv2	AA	0	AA			
YPL031C	YOL001W	PHO85	PHO80	DB-X AD-Y	scPRSv2	NAN	AA	0	confirmed		
YPL031C	YOL001W	PHO85	PHO80	DB-Y AD-X	scPRSv2		AA	NAN	failed		
YJR076C	YHR107C	CDC11	CDC12	DB-X AD-Y	scPRSv2	0	0	0			
YJR076C	YHR107C	CDC11	CDC12	DB-Y AD-X	scPRSv2	0	0	0		confirmed	
YMR224C	YDR369C	MRE11	XRS2	DB-X AD-Y	scPRSv2		0	NAN	failed		
YMR224C	YDR369C	MRE11	XRS2	DB-Y AD-X	scPRSv2	0	1	0	confirmed		
YER148W	YOR194C	SPT15	TOA1	DB-X AD-Y	scPRSv2	AA	AA	AA	confirmed	confirmed	
YER148W	YOR194C	SPT15	TOA1	DB-Y AD-X	scPRSv2	0	AA	0	confirmed		
YER148W	YKL058W	SPT15	TOA2	DB-X AD-Y	scPRSv2	AA	AA	AA	confirmed	confirmed	
YER148W	YKL058W	SPT15	TOA2	DB-Y AD-X	scPRSv2	0	0	0			
YDR103W	YGR040W	STE5	KSS1	DB-X AD-Y	scPRSv2	AA	AA	AA	failed	failed	
YDR103W	YGR040W	STE5	KSS1	DB-Y AD-X	scPRSv2	0	0	0			
YBR160W	YLR079W	CDC28	SIC1	DB-X AD-Y	scPRSv2	AA	0	AA		confirmed	
YBR160W	YLR079W	CDC28	SIC1	DB-Y AD-X	scPRSv2	0	0	0			
YGR040W	YHR084W	KSS1	STE12	DB-X AD-Y	scPRSv2	0	NAN	0			
YGR040W	YHR084W	KSS1	STE12	DB-Y AD-X	scPRSv2	AA	AA	AA	failed	confirmed	
YOL139C	YGR162W	CDC33	TIF4631	DB-X AD-Y	scPRSv2	0	NAN	0			
YOL139C	YGR162W	CDC33	TIF4631	DB-Y AD-X	scPRSv2	0	AA	0	failed		
YOR310C	YDL014W	NOP58	NOP1	DB-X AD-Y	scPRSv2	0	AA	0	failed		
YOR310C	YDL014W	NOP58	NOP1	DB-Y AD-X	scPRSv2	0	0	NAN			
YCR088W	YDR388W	ABP1	RVS167	DB-X AD-Y	scPRSv2	0	0	0			
YCR088W	YDR388W	ABP1	RVS167	DB-Y AD-X	scPRSv2	0	0	0			
YNL138W	YCR088W	SRV2	ABP1	DB-X AD-Y	scPRSv2	0	0	0			
YNL138W	YCR088W	SRV2	ABP1	DB-Y AD-X	scPRSv2	0	0	0			
YHL007C	YBR200W	STE20	BEM1	DB-X AD-Y	scPRSv2	0	0	0			
YHL007C	YBR200W	STE20	BEM1	DB-Y AD-X	scPRSv2	0	0	0			
YKL022C	YHR166C	CDC16	CDC23	DB-X AD-Y	scPRSv2	0	0	0			
YKL022C	YHR166C	CDC16	CDC23	DB-Y AD-X	scPRSv2	0	AA	0			
YJL194W	YFL009W	CDC6	CDC4	DB-X AD-Y	scPRSv2	0	0	0			
YJL194W	YFL009W	CDC6	CDC4	DB-Y AD-X	scPRSv2	0	AA	0			
YPL049C	YBL016W	DIG1	FUS3	DB-X AD-Y	scPRSv2	0	0	0			
YPL049C	YBL016W	DIG1	FUS3	DB-Y AD-X	scPRSv2	0	0	0			
YDR309C	YLR229C	GIC2	CDC42	DB-X AD-Y	scPRSv2	AA	0	0			
YDR309C	YLR229C	GIC2	CDC42	DB-Y AD-X	scPRSv2	0	0	0			
YMR255W	YDL207W	GFD1	GLE1	DB-X AD-Y	scPRSv2	0	0	0			
YMR255W	YDL207W	GFD1	GLE1	DB-Y AD-X	scPRSv2	0	0	0			
YLR293C	YER110C	GSP1	KAP123	DB-X AD-Y	scPRSv2	0	0	0			
YLR293C	YER110C	GSP1	KAP123	DB-Y AD-X	scPRSv2	0	0	0	failed		
YFR002W	YGR119C	NIC96	NUP57	DB-X AD-Y	scPRSv2	0	0	0	failed		
YFR002W	YGR119C	NIC96	NUP57	DB-Y AD-X	scPRSv2	0	0	0			
YJL002C	YOR085W	OST1	OST3	DB-X AD-Y	scPRSv2	0	0	0			
YJL002C	YOR085W	OST1	OST3	DB-Y AD-X	scPRSv2	0	0	0			
YMR149W	YJL002C	SWP1	OST1	DB-X AD-Y	scPRSv2	0	0	0			
YMR149W	YJL002C	SWP1	OST1	DB-Y AD-X	scPRSv2	0	0	0			
YGR162W	YER165W	TIF4631	PAB1	DB-X AD-Y	scPRSv2	0	0	0			
YGR162W	YER165W	TIF4631	PAB1	DB-Y AD-X	scPRSv2	0	0	0			
YEL037C	YGL048C	RAD23	RPT6	DB-X AD-Y	scPRSv2	0	0	0			
YEL037C	YGL048C	RAD23	RPT6	DB-Y AD-X	scPRSv2	0	0	0			
YMR309C	YBR079C	NIP1	RPG1	DB-X AD-Y	scPRSv2	0	0	0			
YMR309C	YBR079C	NIP1	RPG1	DB-Y AD-X	scPRSv2	0	0	0			
YKL145W	YHR027C	RPT1	RPN1	DB-X AD-Y	scPRSv2	0	0	0			
YKL145W	YHR027C	RPT1	RPN1	DB-Y AD-X	scPRSv2	0	0	0			
YFR037C	YCR052W	RSC8	RSC6	DB-X AD-Y	scPRSv2	0	0	0			
YFR037C	YCR052W	RSC8	RSC6	DB-Y AD-X	scPRSv2	0	0	0			
YDR388W	YPL249C	RVS167	GYP5	DB-X AD-Y	scPRSv2	0	0	0			
YDR388W	YPL249C	RVS167	GYP5	DB-Y AD-X	scPRSv2	0	0	0			
YPL232W	YGR009C	SSO1	SEC9	DB-X AD-Y	scPRSv2	0	0	0			
YPL232W	YGR009C	SSO1	SEC9	DB-Y AD-X	scPRSv2	0	0	0			
YPL209C	YBR156C	IPL1	SLI15	DB-X AD-Y	scPRSv2	0	AA	0			
YPL209C	YBR156C	IPL1	SLI15	DB-Y AD-X	scPRSv2	0	0	0			
YGR082W	YNL131W	TOM20	TOM22	DB-X AD-Y	scPRSv2	0	0	0			
YGR082W	YNL131W	TOM20	TOM22	DB-Y AD-X	scPRSv2	0	0	0			
YJL002C	YEL002C	OST1	WBP1	DB-X AD-Y	scPRSv2	0	0	0			
YJL002C	YEL002C	OST1	WBP1	DB-Y AD-X	scPRSv2	0	0	0			
YMR149W	YEL002C	SWP1	WBP1	DB-X AD-Y	scPRSv2	AA	0	0			
YMR149W	YEL002C	SWP1	WBP1	DB-Y AD-X	scPRSv2	0	0	0			
YKL196C	YLR026C	YKT6	SED5	DB-X AD-Y	scPRSv2	0	0	0			
YKL196C	YLR026C	YKT6	SED5	DB-Y AD-X	scPRSv2	0	0	0			
YLR293C	YIL063C	GSP1	YRB2	DB-X AD-Y	scPRSv2	0	0	0			
YLR293C	YIL063C	GSP1	YRB2	DB-Y AD-X	scPRSv2	0	0	0			
YDR356W	YBR109C	SPC110	CMD1	DB-X AD-Y	scPRSv2	0	0	0			
YDR356W	YBR109C	SPC110	CMD1	DB-Y AD-X	scPRSv2	0	0	0			
YLR229C	YBR200W	CDC42	BEM1	DB-X AD-Y	scPRSv2	0	0	0			
YLR229C	YBR200W	CDC42	BEM1	DB-Y AD-X	scPRSv2	0	0	0			
YKR068C	YOR115C	BET3	TRS33	DB-X AD-Y	scPRSv2	0	0	0			
YKR068C	YOR115C	BET3	TRS33	DB-Y AD-X	scPRSv2	AA	AA	0			
YGL049C	YER165W	TIF4632	PAB1	DB-X AD-Y	scPRSv2	0	0	0			
YGL049C	YER165W	TIF4632	PAB1	DB-Y AD-X	scPRSv2	0	NAN	0			
YDL208W	YNL124W	NHP2	NAF1	DB-X AD-Y	scPRSv2	0	NAN	AA			
YDL208W	YNL124W	NHP2	NAF1	DB-Y AD-X	scPRSv2	0	0	0			
YLR229C	YHL007C	CDC42	STE20	DB-X AD-Y	scPRSv2	0	NAN	AA			
YLR229C	YHL007C	CDC42	STE20	DB-Y AD-X	scPRSv2	AA	0	0			
YMR203W	YNL131W	TOM40	TOM22	DB-X AD-Y	scPRSv2	0	NAN	0			
YMR203W	YNL131W	TOM40	TOM22	DB-Y AD-X	scPRSv2	0	0	0			
YPL063W	YNR017W	TIM50	TIM23	DB-X AD-Y	scPRSv2	0	0	0			
YPL063W	YNR017W	TIM50	TIM23	DB-Y AD-X	scPRSv2	AA	0	0			
YKR066C	YJR048W	CCP1	CYC1	DB-X AD-Y	scPRSv2	0	NAN	0			
YKR066C	YJR048W	CCP1	CYC1	DB-Y AD-X	scPRSv2	0	0	0			
YBR254C	YKR068C	TRS20	BET3	DB-X AD-Y	scPRSv2	AA	AA	0			
YBR254C	YKR068C	TRS20	BET3	DB-Y AD-X	scPRSv2	AA	0	0			
YLR347C	YOR098C	KAP95	NUP1	DB-X AD-Y	scPRSv2	0	0	0			
YLR347C	YOR098C	KAP95	NUP1	DB-Y AD-X	scPRSv2	0	0	0			
YDR097C	YBR088C	MSH6	POL30	DB-X AD-Y	scPRSv2	NAN	0	0			
YDR097C	YBR088C	MSH6	POL30	DB-Y AD-X	scPRSv2	AA	0	0			
YJR045C	YIL022W	SSC1	TIM44	DB-X AD-Y	scPRSv2	0	0	0			
YJR045C	YIL022W	SSC1	TIM44	DB-Y AD-X	scPRSv2		0	NAN			
YOR362C	YMR314W	PRE10	PRE5	DB-X AD-Y	scPRSv2		0	NAN			
YOR362C	YMR314W	PRE10	PRE5	DB-Y AD-X	scPRSv2	AA	0	0			
YER112W	YJR022W	LSM4	LSM8	DB-X AD-Y	scPRSv2	0	NAN	0			
YER112W	YJR022W	LSM4	LSM8	DB-Y AD-X	scPRSv2		NAN	NAN			
YHR184W	YOR394C-A	SSP1	YOR394C-A	DB-X AD-Y	scRRSv2	0	0	0			confirmed
YHR184W	YOR394C-A	SSP1	YOR394C-A	DB-Y AD-X	scRRSv2	0	0	0			
YOR044W	YKL104C	IRC23	GFA1	DB-X AD-Y	scRRSv2	0	0	0			
YOR044W	YKL104C	IRC23	GFA1	DB-Y AD-X	scRRSv2	0	0	0			
YCL052C	YDR020C	PBN1	DAS2	DB-X AD-Y	scRRSv2	0	0	0			
YCL052C	YDR020C	PBN1	DAS2	DB-Y AD-X	scRRSv2	0	1	0	confirmed		failed
YJL089W	YLR330W	SIP4	CHS5	DB-X AD-Y	scRRSv2	AA	AA	AA	confirmed	failed	
YJL089W	YLR330W	SIP4	CHS5	DB-Y AD-X	scRRSv2	0	0	0			
YLR435W	YGL079W	TSR2	KXD1	DB-X AD-Y	scRRSv2	0	0	AA			failed
YLR435W	YGL079W	TSR2	KXD1	DB-Y AD-X	scRRSv2	AA	AA	AA	failed	failed	
YMR181C	YDL217C	YMR181C	TIM22	DB-X AD-Y	scRRSv2	AA	0	AA		confirmed	
YMR181C	YDL217C	YMR181C	TIM22	DB-Y AD-X	scRRSv2	AA	0	0			failed
YNL092W	YDR443C	YNL092W	SSN2	DB-X AD-Y	scRRSv2	AA	0	AA			
YNL092W	YDR443C	YNL092W	SSN2	DB-Y AD-X	scRRSv2	AA	AA	AA	failed		
YCL059C	YOR128C	KRR1	ADE2	DB-X AD-Y	scRRSv2	0	0	0			
YCL059C	YOR128C	KRR1	ADE2	DB-Y AD-X	scRRSv2	AA	0	0			
YGL209W	YJL025W	MIG2	RRN7	DB-X AD-Y	scRRSv2	0	0	0			
YGL209W	YJL025W	MIG2	RRN7	DB-Y AD-X	scRRSv2	AA	0	0		failed	
YDR026C	YOR178C	NSI1	GAC1	DB-X AD-Y	scRRSv2		0	NAN			
YDR026C	YOR178C	NSI1	GAC1	DB-Y AD-X	scRRSv2	NAN	AA	AA		confirmed	
YHR084W	YHR208W	STE12	BAT1	DB-X AD-Y	scRRSv2	AA	0	AA			
YHR084W	YHR208W	STE12	BAT1	DB-Y AD-X	scRRSv2	0	0	0			
YIR021W-A	YJL049W	YIR021W-A	CHM7	DB-X AD-Y	scRRSv2	0	0	0			
YIR021W-A	YJL049W	YIR021W-A	CHM7	DB-Y AD-X	scRRSv2	AA	0	0			
YDR540C	YDR100W	IRC4	TVP15	DB-X AD-Y	scRRSv2		0	NAN			
YDR540C	YDR100W	IRC4	TVP15	DB-Y AD-X	scRRSv2	0	1	0	failed		
YBR272C	YCR007C	HSM3	YCR007C	DB-X AD-Y	scRRSv2	0	0	0			
YBR272C	YCR007C	HSM3	YCR007C	DB-Y AD-X	scRRSv2	AA	AA	AA	failed	failed	
YNL075W	YOR166C	IMP4	SWT1	DB-X AD-Y	scRRSv2	0	0	0			
YNL075W	YOR166C	IMP4	SWT1	DB-Y AD-X	scRRSv2	AA	AA	AA	failed	confirmed	
YFL060C	YKL161C	SNO3	KDX1	DB-X AD-Y	scRRSv2	0	0	0			
YFL060C	YKL161C	SNO3	KDX1	DB-Y AD-X	scRRSv2	AA	AA	AA	confirmed	confirmed	
YKR010C	YOR358W	TOF2	HAP5	DB-X AD-Y	scRRSv2	0	0	0			
YKR010C	YOR358W	TOF2	HAP5	DB-Y AD-X	scRRSv2	AA	AA	AA	confirmed	confirmed	
YBR053C	YDL224C	YBR053C	WHI4	DB-X AD-Y	scRRSv2	0	0	0			
YBR053C	YDL224C	YBR053C	WHI4	DB-Y AD-X	scRRSv2	AA	AA	AA	confirmed	confirmed	
YMR115W	YCR007C	MGR3	YCR007C	DB-X AD-Y	scRRSv2	0	0	0			
YMR115W	YCR007C	MGR3	YCR007C	DB-Y AD-X	scRRSv2	AA	AA	AA	failed	failed	
YHR021W-A	YER122C	ECM12	GLO3	DB-X AD-Y	scRRSv2	0	AA	0	failed		
YHR021W-A	YER122C	ECM12	GLO3	DB-Y AD-X	scRRSv2	AA	0	AA		failed	
YDL017W	YHR037W	CDC7	PUT2	DB-X AD-Y	scRRSv2	AA	AA	AA	confirmed	confirmed	
YDL017W	YHR037W	CDC7	PUT2	DB-Y AD-X	scRRSv2	0	0	0			
YKL093W	YML021C	MBR1	UNG1	DB-X AD-Y	scRRSv2	AA	AA	AA	confirmed	confirmed	
YKL093W	YML021C	MBR1	UNG1	DB-Y AD-X	scRRSv2	0	0	0			
YMR165C	YNL162W-A	PAH1	YNL162W-A	DB-X AD-Y	scRRSv2	0	NAN	0			
YMR165C	YNL162W-A	PAH1	YNL162W-A	DB-Y AD-X	scRRSv2	AA	AA	AA	confirmed	failed	
YDR385W	YER040W	EFT2	GLN3	DB-X AD-Y	scRRSv2	0	0	0			
YDR385W	YER040W	EFT2	GLN3	DB-Y AD-X	scRRSv2	AA	0	AA		failed	
YGL150C	YOR377W	INO80	ATF1	DB-X AD-Y	scRRSv2	0	0	0			
YGL150C	YOR377W	INO80	ATF1	DB-Y AD-X	scRRSv2	AA	0	AA		failed	
YDR492W	YNL330C	IZH1	RPD3	DB-X AD-Y	scRRSv2	0	0	0			
YDR492W	YNL330C	IZH1	RPD3	DB-Y AD-X	scRRSv2	AA	0	AA		failed	
YCL042W	YKL035W	YCL042W	UGP1	DB-X AD-Y	scRRSv2	0	0	0			
YCL042W	YKL035W	YCL042W	UGP1	DB-Y AD-X	scRRSv2	AA	0	AA		failed	
YDR034W-B	YMR294W	YDR034W-B	JNM1	DB-X AD-Y	scRRSv2	0	0	0			
YDR034W-B	YMR294W	YDR034W-B	JNM1	DB-Y AD-X	scRRSv2	AA	0	AA		failed	
YMR294W	YOL015W	JNM1	IRC10	DB-X AD-Y	scRRSv2	AA	0	AA		failed	
YMR294W	YOL015W	JNM1	IRC10	DB-Y AD-X	scRRSv2	0	0	0			
YLR102C	YGL028C	APC9	SCW11	DB-X AD-Y	scRRSv2	AA	0	AA		failed	
YLR102C	YGL028C	APC9	SCW11	DB-Y AD-X	scRRSv2	0	0	0			
YER024W	YML037C	YAT2	YML037C	DB-X AD-Y	scRRSv2	0	0	0	failed		
YER024W	YML037C	YAT2	YML037C	DB-Y AD-X	scRRSv2	AA	AA	AA		failed	
YGR017W	YJL088W	YGR017W	ARG3	DB-X AD-Y	scRRSv2	0	0	0			
YGR017W	YJL088W	YGR017W	ARG3	DB-Y AD-X	scRRSv2	AA	0	AA		failed	
YFL029C	YBR182C-A	CAK1	YBR182C-A	DB-X AD-Y	scRRSv2	AA	NAN	AA		confirmed	
YFL029C	YBR182C-A	CAK1	YBR182C-A	DB-Y AD-X	scRRSv2	0	0	0			
YDL067C	YHR162W	COX9	MPC2	DB-X AD-Y	scRRSv2	AA	0	AA		failed	
YDL067C	YHR162W	COX9	MPC2	DB-Y AD-X	scRRSv2	AA	0	0			
YPL189C-A	YER130C	COA2	COM2	DB-X AD-Y	scRRSv2	0	0	0			
YPL189C-A	YER130C	COA2	COM2	DB-Y AD-X	scRRSv2	AA	AA	AA	confirmed		
YLR225C	YHR134W	YLR225C	WSS1	DB-X AD-Y	scRRSv2	0	0	0			
YLR225C	YHR134W	YLR225C	WSS1	DB-Y AD-X	scRRSv2	AA	AA	AA	failed		
YPR002W	YMR149W	PDH1	SWP1	DB-X AD-Y	scRRSv2	0	0	0			
YPR002W	YMR149W	PDH1	SWP1	DB-Y AD-X	scRRSv2	AA	AA	0	failed		
YBR260C	YKL094W	RGD1	YJU3	DB-X AD-Y	scRRSv2	0	AA	0	failed		
YBR260C	YKL094W	RGD1	YJU3	DB-Y AD-X	scRRSv2	0	0	0			
YLR154C	YMR268C	RNH203	PRP24	DB-X AD-Y	scRRSv2	0	AA	AA	confirmed		
YLR154C	YMR268C	RNH203	PRP24	DB-Y AD-X	scRRSv2	0	0	0			
YGL028C	YKL056C	SCW11	TMA19	DB-X AD-Y	scRRSv2	0	AA	0	failed		
YGL028C	YKL056C	SCW11	TMA19	DB-Y AD-X	scRRSv2	0	0	0			
YDR034W-B	YPR115W	YDR034W-B	RGC1	DB-X AD-Y	scRRSv2	0	0	0			
YDR034W-B	YPR115W	YDR034W-B	RGC1	DB-Y AD-X	scRRSv2	NAN	AA	0	failed		
YPR128C	YEL019C	ANT1	MMS21	DB-X AD-Y	scRRSv2	0	NAN	0			
YPR128C	YEL019C	ANT1	MMS21	DB-Y AD-X	scRRSv2	0	AA	0	confirmed		
YIR012W	YOR042W	SQT1	CUE5	DB-X AD-Y	scRRSv2	0	0	0			
YIR012W	YOR042W	SQT1	CUE5	DB-Y AD-X	scRRSv2	0	AA	NAN	confirmed		
YBR297W	YEL068C	MAL33	YEL068C	DB-X AD-Y	scRRSv2	AA	AA	0			
YBR297W	YEL068C	MAL33	YEL068C	DB-Y AD-X	scRRSv2	AA	AA	0			
YBR245C	YOL112W	ISW1	MSB4	DB-X AD-Y	scRRSv2		0	NAN			
YBR245C	YOL112W	ISW1	MSB4	DB-Y AD-X	scRRSv2	AA	AA	0	failed		
YHR149C	YBR227C	SKG6	MCX1	DB-X AD-Y	scRRSv2		AA	NAN	failed		
YHR149C	YBR227C	SKG6	MCX1	DB-Y AD-X	scRRSv2	0	0	0			
YJL035C	YPL054W	TAD2	LEE1	DB-X AD-Y	scRRSv2		AA	NAN	failed		
YJL035C	YPL054W	TAD2	LEE1	DB-Y AD-X	scRRSv2	0	0	0			
YHR193C	YAL049C	EGD2	AIM2	DB-X AD-Y	scRRSv2	0	0	0			
YHR193C	YAL049C	EGD2	AIM2	DB-Y AD-X	scRRSv2	0	0	0			
YML022W	YML111W	APT1	BUL2	DB-X AD-Y	scRRSv2	0	0	0			
YML022W	YML111W	APT1	BUL2	DB-Y AD-X	scRRSv2	0	0	0			
YBR167C	YAL020C	POP7	ATS1	DB-X AD-Y	scRRSv2	0	0	0			
YBR167C	YAL020C	POP7	ATS1	DB-Y AD-X	scRRSv2	0	AA	0			
YDR046C	YER087W	BAP3	AIM10	DB-X AD-Y	scRRSv2	0	0	0			
YDR046C	YER087W	BAP3	AIM10	DB-Y AD-X	scRRSv2	0	0	0			
YGR041W	YLR262C	BUD9	YPT6	DB-X AD-Y	scRRSv2	0	0	0			
YGR041W	YLR262C	BUD9	YPT6	DB-Y AD-X	scRRSv2	0	0	0			
YOL039W	YJR060W	RPP2A	CBF1	DB-X AD-Y	scRRSv2	AA	0	0			
YOL039W	YJR060W	RPP2A	CBF1	DB-Y AD-X	scRRSv2	0	0	0			
YDR179C	YHR154W	CSN9	RTT107	DB-X AD-Y	scRRSv2	0	0	0			
YDR179C	YHR154W	CSN9	RTT107	DB-Y AD-X	scRRSv2	0	0	0			
YLR380W	YOR304C-A	CSR1	BIL1	DB-X AD-Y	scRRSv2	0	0	0			
YLR380W	YOR304C-A	CSR1	BIL1	DB-Y AD-X	scRRSv2	0	AA	0			
YLR394W	YML080W	CST9	DUS1	DB-X AD-Y	scRRSv2	0	0	0			
YLR394W	YML080W	CST9	DUS1	DB-Y AD-X	scRRSv2	0	0	0			
YDR051C	YIL005W	DET1	EPS1	DB-X AD-Y	scRRSv2	0	0	0			
YDR051C	YIL005W	DET1	EPS1	DB-Y AD-X	scRRSv2	0	0	0			
YER176W	YNL175C	ECM32	NOP13	DB-X AD-Y	scRRSv2	0	0	0			
YER176W	YNL175C	ECM32	NOP13	DB-Y AD-X	scRRSv2	0	0	0			
YLR161W	YFR027W	YLR161W	ECO1	DB-X AD-Y	scRRSv2	0	0	0			
YLR161W	YFR027W	YLR161W	ECO1	DB-Y AD-X	scRRSv2	0	0	0			
YOR223W	YLL014W	DSC3	EMC6	DB-X AD-Y	scRRSv2	0	0	0			
YOR223W	YLL014W	DSC3	EMC6	DB-Y AD-X	scRRSv2	0	0	0			
YPL189C-A	YML130C	COA2	ERO1	DB-X AD-Y	scRRSv2	0	0	0			
YPL189C-A	YML130C	COA2	ERO1	DB-Y AD-X	scRRSv2	0	0	0			
YAL007C	YGR276C	ERP2	RNH70	DB-X AD-Y	scRRSv2	0	0	0			
YAL007C	YGR276C	ERP2	RNH70	DB-Y AD-X	scRRSv2	0	0	0			
YHR110W	YNL140C	ERP5	YNL140C	DB-X AD-Y	scRRSv2	0	0	0			
YHR110W	YNL140C	ERP5	YNL140C	DB-Y AD-X	scRRSv2	0	0	0			
YDR363W	YNL055C	ESC2	POR1	DB-X AD-Y	scRRSv2	0	0	0			
YDR363W	YNL055C	ESC2	POR1	DB-Y AD-X	scRRSv2	0	0	0			
YOR163W	YKR049C	DDP1	FMP46	DB-X AD-Y	scRRSv2	AA	0	0			
YOR163W	YKR049C	DDP1	FMP46	DB-Y AD-X	scRRSv2	AA	0	0			
YBR179C	YDL090C	FZO1	RAM1	DB-X AD-Y	scRRSv2	0	0	0			
YBR179C	YDL090C	FZO1	RAM1	DB-Y AD-X	scRRSv2	0	0	0			
YML122C	YDR152W	YML122C	GIR2	DB-X AD-Y	scRRSv2	0	0	0			
YML122C	YDR152W	YML122C	GIR2	DB-Y AD-X	scRRSv2	0	0	0			
YER123W	YEL011W	YCK3	GLC3	DB-X AD-Y	scRRSv2	0	0	0			
YER123W	YEL011W	YCK3	GLC3	DB-Y AD-X	scRRSv2	0	0	0			
YKR046C	YBR121C	PET10	GRS1	DB-X AD-Y	scRRSv2	0	0	0			
YKR046C	YBR121C	PET10	GRS1	DB-Y AD-X	scRRSv2	0	0	0			
YFR015C	YMR275C	GSY1	BUL1	DB-X AD-Y	scRRSv2	0	AA	0	confirmed		
YFR015C	YMR275C	GSY1	BUL1	DB-Y AD-X	scRRSv2	0	0	0			
YER052C	YGR271C-A	HOM3	EFG1	DB-X AD-Y	scRRSv2	0	0	0			
YER052C	YGR271C-A	HOM3	EFG1	DB-Y AD-X	scRRSv2	0	0	0			
YFL014W	YOR394C-A	HSP12	YOR394C-A	DB-X AD-Y	scRRSv2	0	0	0			
YFL014W	YOR394C-A	HSP12	YOR394C-A	DB-Y AD-X	scRRSv2	0	0	0			
YNL312W	YDR171W	RFA2	HSP42	DB-X AD-Y	scRRSv2	0	0	0			
YNL312W	YDR171W	RFA2	HSP42	DB-Y AD-X	scRRSv2	0	0	0			
YGR268C	YNL173C	HUA1	MDG1	DB-X AD-Y	scRRSv2	0	0	0			
YGR268C	YNL173C	HUA1	MDG1	DB-Y AD-X	scRRSv2	0	0	0			
YFL013C	YKL125W	IES1	RRN3	DB-X AD-Y	scRRSv2	0	0	0			
YFL013C	YKL125W	IES1	RRN3	DB-Y AD-X	scRRSv2	0	0	0			
YPL107W	YBR107C	YPL107W	IML3	DB-X AD-Y	scRRSv2	0	0	0			
YPL107W	YBR107C	YPL107W	IML3	DB-Y AD-X	scRRSv2	0	0	0			
YBR205W	YPR134W	KTR3	MSS18	DB-X AD-Y	scRRSv2	0	0	0			
YBR205W	YPR134W	KTR3	MSS18	DB-Y AD-X	scRRSv2	0	0	0			
YER112W	YLL028W	LSM4	TPO1	DB-X AD-Y	scRRSv2	0	0	0			
YER112W	YLL028W	LSM4	TPO1	DB-Y AD-X	scRRSv2	0	0	0			
YDR378C	YGR202C	LSM6	PCT1	DB-X AD-Y	scRRSv2	0	0	0			
YDR378C	YGR202C	LSM6	PCT1	DB-Y AD-X	scRRSv2	0	0	0			
YKL053C-A	YOL154W	MDM35	ZPS1	DB-X AD-Y	scRRSv2	0	0	0			
YKL053C-A	YOL154W	MDM35	ZPS1	DB-Y AD-X	scRRSv2	0	0	0			
YLR156C-A	YJR010W	YLR156C-A	MET3	DB-X AD-Y	scRRSv2	0	0	0			
YLR156C-A	YJR010W	YLR156C-A	MET3	DB-Y AD-X	scRRSv2	0	0	0			
YPR088C	YJL183W	SRP54	MNN11	DB-X AD-Y	scRRSv2	0	0	0			
YPR088C	YJL183W	SRP54	MNN11	DB-Y AD-X	scRRSv2	0	0	0			
YHR162W	YIL150C	MPC2	MCM10	DB-X AD-Y	scRRSv2	0	0	0			
YHR162W	YIL150C	MPC2	MCM10	DB-Y AD-X	scRRSv2	0	0	0			
YLL034C	YDR347W	RIX7	MRP1	DB-X AD-Y	scRRSv2	0	0	0			
YLL034C	YDR347W	RIX7	MRP1	DB-Y AD-X	scRRSv2	0	0	0			
YOR026W	YGR165W	BUB3	MRPS35	DB-X AD-Y	scRRSv2	0	0	0			
YOR026W	YGR165W	BUB3	MRPS35	DB-Y AD-X	scRRSv2	0	0	0			
YHR072W-A	YPL067C	NOP10	YPL067C	DB-X AD-Y	scRRSv2	0	0	0			
YHR072W-A	YPL067C	NOP10	YPL067C	DB-Y AD-X	scRRSv2	0	0	0			
YMR126C	YKL120W	DLT1	OAC1	DB-X AD-Y	scRRSv2	0	0	0			
YMR126C	YKL120W	DLT1	OAC1	DB-Y AD-X	scRRSv2	0	0	0			
YKL120W	YOL065C	OAC1	INP54	DB-X AD-Y	scRRSv2	0	0	0			
YKL120W	YOL065C	OAC1	INP54	DB-Y AD-X	scRRSv2	0	0	0			
YAL068C	YBR066C	PAU8	NRG2	DB-X AD-Y	scRRSv2	0	AA	0			
YAL068C	YBR066C	PAU8	NRG2	DB-Y AD-X	scRRSv2	0	0	0			
YPR165W	YBR221C	RHO1	PDB1	DB-X AD-Y	scRRSv2	0	0	0			
YPR165W	YBR221C	RHO1	PDB1	DB-Y AD-X	scRRSv2	0	0	0			
YOR213C	YCR044C	SAS5	PER1	DB-X AD-Y	scRRSv2	0	0	0			
YOR213C	YCR044C	SAS5	PER1	DB-Y AD-X	scRRSv2	0	0	0			
YDR281C	YGL160W	PHM6	AIM14	DB-X AD-Y	scRRSv2	0	0	0			
YDR281C	YGL160W	PHM6	AIM14	DB-Y AD-X	scRRSv2	0	0	0			
YFR050C	YHR089C	PRE4	GAR1	DB-X AD-Y	scRRSv2	0	0	0			
YFR050C	YHR089C	PRE4	GAR1	DB-Y AD-X	scRRSv2	0	0	0			
YMR157C	YIR008C	AIM36	PRI1	DB-X AD-Y	scRRSv2	0	0	0			
YMR157C	YIR008C	AIM36	PRI1	DB-Y AD-X	scRRSv2	0	0	0			
YNR061C	YJL203W	YNR061C	PRP21	DB-X AD-Y	scRRSv2	0	AA	0			
YNR061C	YJL203W	YNR061C	PRP21	DB-Y AD-X	scRRSv2	0	0	0			
YER138W-A	YBR237W	YER138W-A	PRP5	DB-X AD-Y	scRRSv2	0	0	0			
YER138W-A	YBR237W	YER138W-A	PRP5	DB-Y AD-X	scRRSv2	0	0	0			
YER120W	YBL057C	SCS2	PTH2	DB-X AD-Y	scRRSv2	0	0	0			
YER120W	YBL057C	SCS2	PTH2	DB-Y AD-X	scRRSv2	0	0	0			
YOR334W	YFR029W	MRS2	PTR3	DB-X AD-Y	scRRSv2	0	0	0			
YOR334W	YFR029W	MRS2	PTR3	DB-Y AD-X	scRRSv2	0	0	0			
YOR348C	YPR134W	PUT4	MSS18	DB-X AD-Y	scRRSv2	0	0	0			
YOR348C	YPR134W	PUT4	MSS18	DB-Y AD-X	scRRSv2	0	0	0			
YIL121W	YML034W	QDR2	SRC1	DB-X AD-Y	scRRSv2	0	0	0			
YIL121W	YML034W	QDR2	SRC1	DB-Y AD-X	scRRSv2	0	0	0			
YMR201C	YOR064C	RAD14	YNG1	DB-X AD-Y	scRRSv2	0	0	0			
YMR201C	YOR064C	RAD14	YNG1	DB-Y AD-X	scRRSv2	0	0	0			
YHR008C	YEL037C	SOD2	RAD23	DB-X AD-Y	scRRSv2	0	0	0			
YHR008C	YEL037C	SOD2	RAD23	DB-Y AD-X	scRRSv2	0	0	0			
YDR314C	YFL050C	RAD34	ALR2	DB-X AD-Y	scRRSv2	0	0	0			
YDR314C	YFL050C	RAD34	ALR2	DB-Y AD-X	scRRSv2	0	0	0			
YDR314C	YHL010C	RAD34	ETP1	DB-X AD-Y	scRRSv2	0	0	0			
YDR314C	YHL010C	RAD34	ETP1	DB-Y AD-X	scRRSv2	0	0	0			
YDR314C	YML056C	RAD34	IMD4	DB-X AD-Y	scRRSv2	0	0	0			
YDR314C	YML056C	RAD34	IMD4	DB-Y AD-X	scRRSv2	0	0	0			
YER185W	YBR087W	PUG1	RFC5	DB-X AD-Y	scRRSv2	0	0	0			
YER185W	YBR087W	PUG1	RFC5	DB-Y AD-X	scRRSv2	0	0	0			
YML122C	YGR276C	YML122C	RNH70	DB-X AD-Y	scRRSv2	0	0	0			
YML122C	YGR276C	YML122C	RNH70	DB-Y AD-X	scRRSv2	0	0	0			
YBR154C	YBR296C-A	RPB5	YBR296C-A	DB-X AD-Y	scRRSv2	0	0	0			
YBR154C	YBR296C-A	RPB5	YBR296C-A	DB-Y AD-X	scRRSv2	0	0	0			
YFL036W	YLR301W	RPO41	HRI1	DB-X AD-Y	scRRSv2	0	0	0			
YFL036W	YLR301W	RPO41	HRI1	DB-Y AD-X	scRRSv2	0	0	0			
YDR502C	YOR246C	SAM2	ENV9	DB-X AD-Y	scRRSv2	0	0	0			
YDR502C	YOR246C	SAM2	ENV9	DB-Y AD-X	scRRSv2	0	0	0			
YAL027W	YNR027W	SAW1	BUD17	DB-X AD-Y	scRRSv2	0	0	0			
YAL027W	YNR027W	SAW1	BUD17	DB-Y AD-X	scRRSv2	0	0	0			
YNR027W	YMR305C	BUD17	SCW10	DB-X AD-Y	scRRSv2	0	0	0			
YNR027W	YMR305C	BUD17	SCW10	DB-Y AD-X	scRRSv2	0	0	0			
YLR166C	YMR071C	SEC10	TVP18	DB-X AD-Y	scRRSv2	0	0	0			
YLR166C	YMR071C	SEC10	TVP18	DB-Y AD-X	scRRSv2	0	0	0			
YHR098C	YMR120C	SFB3	ADE17	DB-X AD-Y	scRRSv2	0	0	0			
YHR098C	YMR120C	SFB3	ADE17	DB-Y AD-X	scRRSv2	0	0	0			
YDR504C	YGR175C	SPG3	ERG1	DB-X AD-Y	scRRSv2	0	0	0			
YDR504C	YGR175C	SPG3	ERG1	DB-Y AD-X	scRRSv2	0	0	0			
YDR536W	YMR210W	STL1	MGL2	DB-X AD-Y	scRRSv2	0	0	0			
YDR536W	YMR210W	STL1	MGL2	DB-Y AD-X	scRRSv2	0	0	0			
YGL022W	YLR093C	STT3	NYV1	DB-X AD-Y	scRRSv2	0	0	0			
YGL022W	YLR093C	STT3	NYV1	DB-Y AD-X	scRRSv2	0	0	0			
YDR297W	YPR134W	SUR2	MSS18	DB-X AD-Y	scRRSv2	0	0	0			
YDR297W	YPR134W	SUR2	MSS18	DB-Y AD-X	scRRSv2	0	0	0			
YKL127W	YGL162W	PGM1	SUT1	DB-X AD-Y	scRRSv2	0	0	0			
YKL127W	YGL162W	PGM1	SUT1	DB-Y AD-X	scRRSv2	0	0	0			
YHR181W	YPL032C	SVP26	SVL3	DB-X AD-Y	scRRSv2	0	0	0			
YHR181W	YPL032C	SVP26	SVL3	DB-Y AD-X	scRRSv2	0	0	0			
YDL063C	YPR005C	SYO1	HAL1	DB-X AD-Y	scRRSv2	0	0	0			
YDL063C	YPR005C	SYO1	HAL1	DB-Y AD-X	scRRSv2	0	0	0			
YNL332W	YNR016C	THI12	ACC1	DB-X AD-Y	scRRSv2	0	0	0			
YNL332W	YNR016C	THI12	ACC1	DB-Y AD-X	scRRSv2	0	0	0			
YCR053W	YGR289C	THR4	MAL11	DB-X AD-Y	scRRSv2	0	0	0			
YCR053W	YGR289C	THR4	MAL11	DB-Y AD-X	scRRSv2	0	0	0			
YGL179C	YPL040C	TOS3	ISM1	DB-X AD-Y	scRRSv2	0	AA	0			
YGL179C	YPL040C	TOS3	ISM1	DB-Y AD-X	scRRSv2	0	0	0			
YGR148C	YDR407C	RPL24B	TRS120	DB-X AD-Y	scRRSv2	0	0	0			
YGR148C	YDR407C	RPL24B	TRS120	DB-Y AD-X	scRRSv2	0	0	0			
YLR080W	YDL170W	EMP46	UGA3	DB-X AD-Y	scRRSv2	0	0	0			
YLR080W	YDL170W	EMP46	UGA3	DB-Y AD-X	scRRSv2	0	0	0			
YKR044W	YMR029C	UIP5	FAR8	DB-X AD-Y	scRRSv2	0	0	0			
YKR044W	YMR029C	UIP5	FAR8	DB-Y AD-X	scRRSv2	0	0	0			
YOL047C	YKR044W	LDS2	UIP5	DB-X AD-Y	scRRSv2	0	0	0			
YOL047C	YKR044W	LDS2	UIP5	DB-Y AD-X	scRRSv2	0	0	0			
YMR286W	YFR026C	MRPL33	ULI1	DB-X AD-Y	scRRSv2	0	0	0			
YMR286W	YFR026C	MRPL33	ULI1	DB-Y AD-X	scRRSv2	0	0	0			
YGR105W	YOL133W	VMA21	HRT1	DB-X AD-Y	scRRSv2	0	0	0			
YGR105W	YOL133W	VMA21	HRT1	DB-Y AD-X	scRRSv2	0	0	0			
YOR123C	YBL029C-A	LEO1	YBL029C-A	DB-X AD-Y	scRRSv2	0	0	0			
YOR123C	YBL029C-A	LEO1	YBL029C-A	DB-Y AD-X	scRRSv2	0	0	0			
YFR025C	YDL121C	HIS2	YDL121C	DB-X AD-Y	scRRSv2	0	0	0			
YFR025C	YDL121C	HIS2	YDL121C	DB-Y AD-X	scRRSv2	0	0	0			
YJR010C-A	YDL183C	SPC1	YDL183C	DB-X AD-Y	scRRSv2	0	0	0			
YJR010C-A	YDL183C	SPC1	YDL183C	DB-Y AD-X	scRRSv2	0	0	0			
YGL067W	YDR034W-B	NPY1	YDR034W-B	DB-X AD-Y	scRRSv2	0	0	0			
YGL067W	YDR034W-B	NPY1	YDR034W-B	DB-Y AD-X	scRRSv2	0	0	0			
YLR233C	YER156C	EST1	YER156C	DB-X AD-Y	scRRSv2	0	0	0			
YLR233C	YER156C	EST1	YER156C	DB-Y AD-X	scRRSv2	0	0	0			
YIL162W	YGL176C	SUC2	YGL176C	DB-X AD-Y	scRRSv2	0	0	0			
YIL162W	YGL176C	SUC2	YGL176C	DB-Y AD-X	scRRSv2	0	0	0			
YOR187W	YGL242C	TUF1	YGL242C	DB-X AD-Y	scRRSv2	0	0	0			
YOR187W	YGL242C	TUF1	YGL242C	DB-Y AD-X	scRRSv2	0	AA	0			
YKL075C	YMR244W	YKL075C	YMR244W	DB-X AD-Y	scRRSv2	0	0	0			
YKL075C	YMR244W	YKL075C	YMR244W	DB-Y AD-X	scRRSv2	0	0	0			
YLR050C	YKR045C	YLR050C	YKR045C	DB-X AD-Y	scRRSv2	0	0	0			
YLR050C	YKR045C	YLR050C	YKR045C	DB-Y AD-X	scRRSv2	0	0	0			
YMR115W	YLL056C	MGR3	YLL056C	DB-X AD-Y	scRRSv2	0	0	0			
YMR115W	YLL056C	MGR3	YLL056C	DB-Y AD-X	scRRSv2	0	0	0			
YMR058W	YML002W	FET3	YML002W	DB-X AD-Y	scRRSv2	0	0	0			
YMR058W	YML002W	FET3	YML002W	DB-Y AD-X	scRRSv2	0	0	0			
YPR052C	YPR011C	NHP6A	YPR011C	DB-X AD-Y	scRRSv2	0	0	0			
YPR052C	YPR011C	NHP6A	YPR011C	DB-Y AD-X	scRRSv2	0	0	0			
YMR085W	YHL027W	YMR085W	RIM101	DB-X AD-Y	scRRSv2	0	0	0			
YMR085W	YHL027W	YMR085W	RIM101	DB-Y AD-X	scRRSv2	0	0	0			
YML081C-A	YIL006W	ATP18	YIA6	DB-X AD-Y	scRRSv2	0	0	0			
YML081C-A	YIL006W	ATP18	YIA6	DB-Y AD-X	scRRSv2	0	0	0			
YDL088C	YKR042W	ASM4	UTH1	DB-X AD-Y	scRRSv2	0	0	0			
YDL088C	YKR042W	ASM4	UTH1	DB-Y AD-X	scRRSv2	0	0	0			
YDL113C	YLR341W	ATG20	SPO77	DB-X AD-Y	scRRSv2	0	0	0			
YDL113C	YLR341W	ATG20	SPO77	DB-Y AD-X	scRRSv2	0	0	0			
YNL255C	YNL125C	GIS2	ESBP6	DB-X AD-Y	scRRSv2	0	0	0			
YNL255C	YNL125C	GIS2	ESBP6	DB-Y AD-X	scRRSv2	0	0	0			
YOR356W	YER063W	CIR2	THO1	DB-X AD-Y	scRRSv2	0	0	0			
YOR356W	YER063W	CIR2	THO1	DB-Y AD-X	scRRSv2	0	0	0			
YNL022C	YBL071C-B	RCM1	YBL071C-B	DB-X AD-Y	scRRSv2	0	0	0			
YNL022C	YBL071C-B	RCM1	YBL071C-B	DB-Y AD-X	scRRSv2	0	0	0			
YDR197W	YBR035C	CBS2	PDX3	DB-X AD-Y	scRRSv2	0	0	0			
YDR197W	YBR035C	CBS2	PDX3	DB-Y AD-X	scRRSv2	0	0	AA			
YLR115W	YJL048C	CFT2	UBX6	DB-X AD-Y	scRRSv2	0	0	0			
YLR115W	YJL048C	CFT2	UBX6	DB-Y AD-X	scRRSv2	0	0	0			
YDR231C	YIR021W	COX20	MRS1	DB-X AD-Y	scRRSv2	0	0	0			
YDR231C	YIR021W	COX20	MRS1	DB-Y AD-X	scRRSv2	0	0	0			
YER020W	YOR389W	GPA2	YOR389W	DB-X AD-Y	scRRSv2	0	0	0			
YER020W	YOR389W	GPA2	YOR389W	DB-Y AD-X	scRRSv2	0	0	0			
YGL003C	YDR214W	CDH1	AHA1	DB-X AD-Y	scRRSv2	0	0	0			
YGL003C	YDR214W	CDH1	AHA1	DB-Y AD-X	scRRSv2	0	0	0			
YDR188W	YCL064C	CCT6	CHA1	DB-X AD-Y	scRRSv2	0	0	0			
YDR188W	YCL064C	CCT6	CHA1	DB-Y AD-X	scRRSv2	0	0	0			
YJR048W	YOL125W	CYC1	TRM13	DB-X AD-Y	scRRSv2	0	0	0			
YJR048W	YOL125W	CYC1	TRM13	DB-Y AD-X	scRRSv2	0	0	0			
YMR189W	YJL082W	GCV2	IML2	DB-X AD-Y	scRRSv2	0	0	0			
YMR189W	YJL082W	GCV2	IML2	DB-Y AD-X	scRRSv2	0	0	0			
YAL055W	YCL027W	PEX22	FUS1	DB-X AD-Y	scRRSv2	0	AA	0			
YAL055W	YCL027W	PEX22	FUS1	DB-Y AD-X	scRRSv2	0	0	0			
YKL058W	YIL105C	TOA2	SLM1	DB-X AD-Y	scRRSv2	0	NAN	0			
YKL058W	YIL105C	TOA2	SLM1	DB-Y AD-X	scRRSv2	0	0	0		failed	
YJR003C	YBR223C	MRX12	TDP1	DB-X AD-Y	scRRSv2	AA	0	0			
YJR003C	YBR223C	MRX12	TDP1	DB-Y AD-X	scRRSv2	0	0	0			
YHR005C-A	YNL241C	TIM10	ZWF1	DB-X AD-Y	scRRSv2	AA	AA	AA			
YHR005C-A	YNL241C	TIM10	ZWF1	DB-Y AD-X	scRRSv2	0	0	0			
YDR185C	YMR024W	UPS3	MRPL3	DB-X AD-Y	scRRSv2	AA	0	0			
YDR185C	YMR024W	UPS3	MRPL3	DB-Y AD-X	scRRSv2	0	0	0			
YJR105W	YHR078W	ADO1	YHR078W	DB-X AD-Y	scRRSv2	AA	AA	0			
YJR105W	YHR078W	ADO1	YHR078W	DB-Y AD-X	scRRSv2	0	0	0			
YMR177W	YPR117W	MMT1	YPR117W	DB-X AD-Y	scRRSv2	0	0	0			
YMR177W	YPR117W	MMT1	YPR117W	DB-Y AD-X	scRRSv2	AA	0	0			
YLR125W	YNL078W	YLR125W	NIS1	DB-X AD-Y	scRRSv2	0	0	0			
YLR125W	YNL078W	YLR125W	NIS1	DB-Y AD-X	scRRSv2	AA	0	0			
YGL255W	YLR267W	ZRT1	BOP2	DB-X AD-Y	scRRSv2	0	0	0			
YGL255W	YLR267W	ZRT1	BOP2	DB-Y AD-X	scRRSv2	AA	0	0			
YMR231W	YKL016C	PEP5	ATP7	DB-X AD-Y	scRRSv2	0	0	0			
YMR231W	YKL016C	PEP5	ATP7	DB-Y AD-X	scRRSv2	0	0	0			
YOR019W	YAL033W	YOR019W	POP5	DB-X AD-Y	scRRSv2	0	0	0			
YOR019W	YAL033W	YOR019W	POP5	DB-Y AD-X	scRRSv2	0	0	0			
YJR068W	YER146W	RFC2	LSM5	DB-X AD-Y	scRRSv2	0	0	0			
YJR068W	YER146W	RFC2	LSM5	DB-Y AD-X	scRRSv2	0	0	0			
YGL149W	YLR433C	YGL149W	CNA1	DB-X AD-Y	scRRSv2	0	0	0			
YGL149W	YLR433C	YGL149W	CNA1	DB-Y AD-X	scRRSv2	0	0	0			
YIL121W	YLR025W	QDR2	SNF7	DB-X AD-Y	scRRSv2	0	0	0			
YIL121W	YLR025W	QDR2	SNF7	DB-Y AD-X	scRRSv2	NAN	AA	NAN	failed		
YJR083C	YHR180W	ACF4	YHR180W	DB-X AD-Y	scRRSv2	NAN	0	NAN			
YJR083C	YHR180W	ACF4	YHR180W	DB-Y AD-X	scRRSv2	AA	0	0			
YLR248W	YBR161W	RCK2	CSH1	DB-X AD-Y	scRRSv2		0	NAN			
YLR248W	YBR161W	RCK2	CSH1	DB-Y AD-X	scRRSv2	0	0	0			
YDR122W	YCR086W	KIN1	CSM1	DB-X AD-Y	scRRSv2		0	NAN			
YDR122W	YCR086W	KIN1	CSM1	DB-Y AD-X	scRRSv2	0	0	0			
YBR281C	YGR033C	DUG2	TIM21	DB-X AD-Y	scRRSv2		0	NAN			
YBR281C	YGR033C	DUG2	TIM21	DB-Y AD-X	scRRSv2	0	0	0			
YGR021W	YBR244W	YGR021W	GPX2	DB-X AD-Y	scRRSv2		0	NAN			
YGR021W	YBR244W	YGR021W	GPX2	DB-Y AD-X	scRRSv2	0	0	0			
YPR060C	YDR458C	ARO7	HEH2	DB-X AD-Y	scRRSv2		0	NAN			
YPR060C	YDR458C	ARO7	HEH2	DB-Y AD-X	scRRSv2	0	0	0			
YKL084W	YLR324W	HOT13	PEX30	DB-X AD-Y	scRRSv2		0	NAN			
YKL084W	YLR324W	HOT13	PEX30	DB-Y AD-X	scRRSv2	0	0	0			
YLR207W	YPR080W	HRD3	TEF1	DB-X AD-Y	scRRSv2		0	NAN			
YLR207W	YPR080W	HRD3	TEF1	DB-Y AD-X	scRRSv2	0	0	0			
YBR245C	YHR022C-A	ISW1	YHR022C-A	DB-X AD-Y	scRRSv2		0	NAN			
YBR245C	YHR022C-A	ISW1	YHR022C-A	DB-Y AD-X	scRRSv2	0	0	0			
YDR128W	YMR061W	MTC5	RNA14	DB-X AD-Y	scRRSv2		0	NAN			
YDR128W	YMR061W	MTC5	RNA14	DB-Y AD-X	scRRSv2	0	0	0			
YHL039W	YCL057W	EFM1	PRD1	DB-X AD-Y	scRRSv2		0	NAN			
YHL039W	YCL057W	EFM1	PRD1	DB-Y AD-X	scRRSv2	0	0	0			
YOL027C	YJR046W	MDM38	TAH11	DB-X AD-Y	scRRSv2		0	NAN			
YOL027C	YJR046W	MDM38	TAH11	DB-Y AD-X	scRRSv2	0	AA	0	failed		
YPL199C	YGR126W	YPL199C	YGR126W	DB-X AD-Y	scRRSv2		0	NAN			
YPL199C	YGR126W	YPL199C	YGR126W	DB-Y AD-X	scRRSv2	0	0	0			
YOR251C	YLR207W	TUM1	HRD3	DB-X AD-Y	scRRSv2	0	0	0			
YOR251C	YLR207W	TUM1	HRD3	DB-Y AD-X	scRRSv2		0	NAN			
YDR067C	YOR237W	OCA6	HES1	DB-X AD-Y	scRRSv2	0	0	0			
YDR067C	YOR237W	OCA6	HES1	DB-Y AD-X	scRRSv2		0	NAN			
YMR143W	YHR111W	RPS16A	UBA4	DB-X AD-Y	scRRSv2	0	0	0			
YMR143W	YHR111W	RPS16A	UBA4	DB-Y AD-X	scRRSv2		0	NAN			
YOL151W	YHR026W	GRE2	VMA16	DB-X AD-Y	scRRSv2	0	0	0			
YOL151W	YHR026W	GRE2	VMA16	DB-Y AD-X	scRRSv2		0	NAN			
YBR053C	YBL044W	YBR053C	YBL044W	DB-X AD-Y	scRRSv2	0	0	0			
YBR053C	YBL044W	YBR053C	YBL044W	DB-Y AD-X	scRRSv2		0	NAN			
YOR241W	YLR326W	MET7	YLR326W	DB-X AD-Y	scRRSv2	0	0	0			
YOR241W	YLR326W	MET7	YLR326W	DB-Y AD-X	scRRSv2		0	NAN			
YIL064W	YHR094C	EFM4	HXT1	DB-X AD-Y	scRRSv2		0	NAN			
YIL064W	YHR094C	EFM4	HXT1	DB-Y AD-X	scRRSv2	0	0	0			
YGL221C	YHR208W	NIF3	BAT1	DB-X AD-Y	scRRSv2		0	NAN			
YGL221C	YHR208W	NIF3	BAT1	DB-Y AD-X	scRRSv2	0	0	0			
YFL034W	YLR201C	MIL1	COQ9	DB-X AD-Y	scRRSv2		0	NAN			
YFL034W	YLR201C	MIL1	COQ9	DB-Y AD-X	scRRSv2	0	0	0			
YHR019C	YBL039W-B	DED81	YBL039W-B	DB-X AD-Y	scRRSv2	0			failed		
YHR019C	YBL039W-B	DED81	YBL039W-B	DB-Y AD-X	scRRSv2	0					
YFL010W-A	YNL038W	AUA1	GPI15	DB-X AD-Y	scRRSv2		0	NAN			
YFL010W-A	YNL038W	AUA1	GPI15	DB-Y AD-X	scRRSv2		0	NAN			
YBR235W	YDL239C	VHC1	ADY3	DB-X AD-Y	scRRSv2		0	NAN			
YBR235W	YDL239C	VHC1	ADY3	DB-Y AD-X	scRRSv2		NAN	NAN			
YMR174C	YPL280W	PAI3	HSP32	DB-X AD-Y	scRRSv2			NAN			
YMR174C	YPL280W	PAI3	HSP32	DB-Y AD-X	scRRSv2			NAN			
YOR167C	YDL188C	RPS28A	PPH22	DB-X AD-Y	scRRSv2			NAN			
YOR167C	YDL188C	RPS28A	PPH22	DB-Y AD-X	scRRSv2			NAN	failed		
